"","pValue","qValue","EffectSize","X.SB01.SA01.","significant","GeneName"
"A0A2H0ZBV2","0.27645651553296","0.651799637482846","0.270636462866449","SB01-SA01","Non significant","A0A2H0ZBV2"
"A0A2H0ZC49","0.525755044301947","0.868236323160609","0.116265822914784","SB01-SA01","Non significant","A0A2H0ZC49"
"A0A2H0ZC50","0.0456813284287413","0.270142566400374","-0.910936716186853","SB01-SA01","Non significant","A0A2H0ZC50"
"A0A2H0ZC68","0.954893592858141","0.988881208343222","-0.0134465637967711","SB01-SA01","Non significant","A0A2H0ZC68"
"A0A2H0ZC91","0.0405730699156429","0.265710893579338","0.765589803848382","SB01-SA01","Non significant","A0A2H0ZC91"
"A0A2H0ZC96","0.156695525364997","0.51034862080683","-0.560027384324542","SB01-SA01","Non significant","A0A2H0ZC96"
"A0A2H0ZCA6","0.163406039915384","0.521445960336257","0.491307833832806","SB01-SA01","Non significant","A0A2H0ZCA6"
"A0A2H0ZCB4","0.367020606005872","0.750732499366686","0.496908040549094","SB01-SA01","Non significant","A0A2H0ZCB4"
"A0A2H0ZCD6","0.00149711793101363","0.0665838398190724","-1.27880223156719","SB01-SA01","Non significant","A0A2H0ZCD6"
"A0A2H0ZCD7","0.724009423216563","0.959571238196903","-0.077794375361794","SB01-SA01","Non significant","A0A2H0ZCD7"
"A0A2H0ZCD8","0.944985516922185","0.988881208343222","-0.02026645397682","SB01-SA01","Non significant","A0A2H0ZCD8"
"A0A2H0ZCE2","0.522519466123462","0.868236323160609","-0.270393331753706","SB01-SA01","Non significant","A0A2H0ZCE2"
"A0A2H0ZCK9","0.724846629872132","0.959571238196903","0.132188683555924","SB01-SA01","Non significant","A0A2H0ZCK9"
"A0A2H0ZCL6","0.259002897058137","0.641970652411801","0.298418229525971","SB01-SA01","Non significant","A0A2H0ZCL6"
"A0A2H0ZCM9","0.4176429851434","0.792929785812356","-0.192220123936512","SB01-SA01","Non significant","A0A2H0ZCM9"
"A0A2H0ZCP9","0.00812680603047146","0.119108500884097","-0.689026547330009","SB01-SA01","Non significant","A0A2H0ZCP9"
"A0A2H0ZCS4","0.359624251202465","0.750732499366686","-0.224225666816036","SB01-SA01","Non significant","A0A2H0ZCS4"
"A0A2H0ZCU5","0.0557803184998117","0.30070079743002","-1.16425390508538","SB01-SA01","Non significant","A0A2H0ZCU5"
"A0A2H0ZCU8","0.0179209185420362","0.178689977923021","-1.02265587835827","SB01-SA01","Non significant","A0A2H0ZCU8"
"A0A2H0ZK83","0.247288454348609","0.640764006019325","-0.724495840938847","SB01-SA01","Non significant","A0A2H0ZK83"
"A0A2H0ZCW1","0.0186691021710619","0.178689977923021","-0.983621419238217","SB01-SA01","Non significant","A0A2H0ZCW1"
"A0A2H0ZCW6","0.771851516975277","0.964303913771699","0.176058766977341","SB01-SA01","Non significant","A0A2H0ZCW6"
"A0A2H0ZCY7","0.719394928702996","0.958511993073025","0.0843572724427624","SB01-SA01","Non significant","A0A2H0ZCY7"
"A0A2H0ZCZ3","0.765832145400674","0.964050009540299","-0.0909837564436025","SB01-SA01","Non significant","A0A2H0ZCZ3"
"A0A2H0ZD01","0.785355757403465","0.964303913771699","0.0952611845385469","SB01-SA01","Non significant","A0A2H0ZD01"
"A0A2H0ZD43","0.968554481504482","0.988881208343222","-0.00609073434472052","SB01-SA01","Non significant","A0A2H0ZD43"
"A0A2H0ZD48","0.705536134816454","0.950851859853209","0.0984898776137584","SB01-SA01","Non significant","A0A2H0ZD48"
"A0A2H0ZD52","0.0498010261301374","0.277662719358274","-0.90572371196151","SB01-SA01","Non significant","A0A2H0ZD52"
"A0A2H0ZD64","0.121605585822646","0.463683087405048","-0.89362252145547","SB01-SA01","Non significant","A0A2H0ZD64"
"A0A2H0ZD81","0.00466505555074795","0.0906624466036642","-1.11381631967987","SB01-SA01","Non significant","A0A2H0ZD81"
"A0A2H0ZD86","0.867554658309817","0.982151776978653","0.0395688841062967","SB01-SA01","Non significant","A0A2H0ZD86"
"A0A2H0ZDC2","0.589591947110218","0.913315441546089","0.141474185003686","SB01-SA01","Non significant","A0A2H0ZDC2"
"A0A2H0ZDC5","0.251805811135974","0.641831116428108","-0.647097865753675","SB01-SA01","Non significant","A0A2H0ZDC5"
"A0A2H0ZDD4","0.0071767524406985","0.112196563156253","-1.14420888476591","SB01-SA01","Non significant","A0A2H0ZDD4"
"A0A2H0ZDD6","0.130239967905689","0.474990650746873","-0.511410273310482","SB01-SA01","Non significant","A0A2H0ZDD6"
"A0A2H0ZDD8","0.884128827062439","0.982151776978653","0.0586963741044588","SB01-SA01","Non significant","A0A2H0ZDD8"
"A0A2H0ZDF5","0.844810817343676","0.978984846083208","-0.0486597580517802","SB01-SA01","Non significant","A0A2H0ZDF5"
"A0A2H0ZDF6","0.09622181762975","0.415803305506338","-0.383101928143205","SB01-SA01","Non significant","A0A2H0ZDF6"
"A0A2H0ZDH9","0.0337227927995101","0.239636209438943","-0.687233483746063","SB01-SA01","Non significant","A0A2H0ZDH9"
"A0A2H0ZDI6","0.153880408014109","0.504684694815506","-0.88097344594307","SB01-SA01","Non significant","A0A2H0ZDI6"
"A0A2H0ZDL2","0.334431010851971","0.736588480442548","0.42269051546303","SB01-SA01","Non significant","A0A2H0ZDL2"
"A0A2H0ZDL3","0.210244323066608","0.600082008623059","-0.393326933664159","SB01-SA01","Non significant","A0A2H0ZDL3"
"A0A2H0ZDN1","0.243826931928973","0.635304617081601","0.329237061796292","SB01-SA01","Non significant","A0A2H0ZDN1"
"A0A2H0ZDN4","0.12600979852567","0.469036472289995","-0.435910714433934","SB01-SA01","Non significant","A0A2H0ZDN4"
"A0A2H0ZDU3","0.368163059390912","0.750732499366686","0.31667753368097","SB01-SA01","Non significant","A0A2H0ZDU3"
"A0A2H0ZDV4","0.789531773029404","0.965015812905956","0.0470943393746985","SB01-SA01","Non significant","A0A2H0ZDV4"
"A0A2H0ZDW4","0.291638497708862","0.677121066462654","-0.29858273890207","SB01-SA01","Non significant","A0A2H0ZDW4"
"A0A2H0ZDY0","0.0525560546599533","0.286613832971141","-0.589860848601095","SB01-SA01","Non significant","A0A2H0ZDY0"
"A0A2H0ZE14","0.410724677505009","0.790251794690203","0.202667576542892","SB01-SA01","Non significant","A0A2H0ZE14"
"A0A2H0ZE19","0.642973994783978","0.925014734827257","-0.165496085364802","SB01-SA01","Non significant","A0A2H0ZE19"
"A0A2H0ZE24","0.781201472582115","0.964303913771699","-0.143063896987995","SB01-SA01","Non significant","A0A2H0ZE24"
"A0A2H0ZE38","0.833538486803581","0.978984846083208","0.171184933096162","SB01-SA01","Non significant","A0A2H0ZE38"
"A0A2H0ZEH3","0.781084356591222","0.964303913771699","-0.0621006327976588","SB01-SA01","Non significant","A0A2H0ZEH3"
"A0A2H0ZEI9","0.265972806840485","0.644647640837854","0.417866849006449","SB01-SA01","Non significant","A0A2H0ZEI9"
"A0A2H0ZEP1","0.686131820287772","0.939675162552364","-0.14710992436345","SB01-SA01","Non significant","A0A2H0ZEP1"
"A0A2H0ZES9","0.352565585260768","0.748127335228209","0.24272426000325","SB01-SA01","Non significant","A0A2H0ZES9"
"A0A2H0ZF22","0.698814115002051","0.949982086770904","-0.151439669035208","SB01-SA01","Non significant","A0A2H0ZF22"
"A0A2H0ZF28","0.374059976860415","0.759455104534782","0.364358886077461","SB01-SA01","Non significant","A0A2H0ZF28"
"A0A2H0ZF39","0.353717912083109","0.748127335228209","-0.244327504334379","SB01-SA01","Non significant","A0A2H0ZF39"
"A0A2H0ZF57","0.35352876071867","0.748127335228209","0.260446187370274","SB01-SA01","Non significant","A0A2H0ZF57"
"A0A2H0ZFB0","0.810944359652753","0.970864101882147","-0.0690689658486932","SB01-SA01","Non significant","A0A2H0ZFB0"
"A0A2H0ZFC0","0.914078224627246","0.988088124466984","0.0159665401921565","SB01-SA01","Non significant","A0A2H0ZFC0"
"A0A2H0ZFE5","0.0785880523850025","0.364928678896695","0.480666992956314","SB01-SA01","Non significant","A0A2H0ZFE5"
"A0A2H0ZFN1","0.599133564489316","0.913315441546089","-0.24153752633079","SB01-SA01","Non significant","A0A2H0ZFN1"
"A0A2H0ZFQ6","0.519076243263844","0.868236323160609","-0.162495546343527","SB01-SA01","Non significant","A0A2H0ZFQ6"
"A0A2H0ZFR2","0.906596889059573","0.988088124466984","-0.0312367761683117","SB01-SA01","Non significant","A0A2H0ZFR2"
"A0A2H0ZFR6","0.493219357751613","0.852305799358045","0.27662522961927","SB01-SA01","Non significant","A0A2H0ZFR6"
"A0A2H0ZFS8","0.268857313419124","0.644647640837854","0.566031545362176","SB01-SA01","Non significant","A0A2H0ZFS8"
"A0A2H0ZFV2","0.0994582376288022","0.416093286969763","0.398770478522691","SB01-SA01","Non significant","A0A2H0ZFV2"
"A0A2H0ZFV9","0.474018050428186","0.847421265102898","-0.253455031998378","SB01-SA01","Non significant","A0A2H0ZFV9"
"A0A2H0ZFX0","0.258649818504153","0.641970652411801","0.3914756562761","SB01-SA01","Non significant","A0A2H0ZFX0"
"A0A2H0ZFX1","0.00207362145097728","0.0665838398190724","-1.03281216248976","SB01-SA01","Non significant","A0A2H0ZFX1"
"A0A2H0ZFX8","0.503264420468798","0.858644845691172","0.241702943904306","SB01-SA01","Non significant","A0A2H0ZFX8"
"A0A2H0ZFY7","0.705225306543064","0.950851859853209","0.213991411670508","SB01-SA01","Non significant","A0A2H0ZFY7"
"A0A2H0ZFZ6","0.825893050434382","0.978141011751831","0.0721471120023764","SB01-SA01","Non significant","A0A2H0ZFZ6"
"A0A2H0ZG02","0.894933597089055","0.985267270034664","0.0485049466336722","SB01-SA01","Non significant","A0A2H0ZG02"
"A0A2H0ZG28","0.885172807167396","0.982151776978653","0.0433242006833865","SB01-SA01","Non significant","A0A2H0ZG28"
"A0A2H0ZG59","0.303751098147493","0.688209009812435","-0.416054485974756","SB01-SA01","Non significant","A0A2H0ZG59"
"A0A2H0ZG69","0.964840223776933","0.988881208343222","0.03161263827044","SB01-SA01","Non significant","A0A2H0ZG69"
"A0A2H0ZGA4","0.336551686952855","0.737582902714433","0.269438270612881","SB01-SA01","Non significant","A0A2H0ZGA4"
"A0A2H0ZGB4","0.641652569783246","0.925014734827257","-0.165978571038204","SB01-SA01","Non significant","A0A2H0ZGB4"
"A0A2H0ZGB6","0.740784897029418","0.964050009540299","-0.260732803546828","SB01-SA01","Non significant","A0A2H0ZGB6"
"A0A2H0ZGE3","0.731039782375309","0.959571238196903","0.205201218417127","SB01-SA01","Non significant","A0A2H0ZGE3"
"A0A2H0ZGE4","0.354124239702905","0.748127335228209","0.278835361619539","SB01-SA01","Non significant","A0A2H0ZGE4"
"A0A2H0ZGI3","0.0503226676875337","0.277662719358274","-1.37533188198148","SB01-SA01","Non significant","A0A2H0ZGI3"
"A0A2H0ZGI4","0.714580998855962","0.95682444380054","0.127851472281067","SB01-SA01","Non significant","A0A2H0ZGI4"
"A0A2H0ZGP0","0.671006095781832","0.930789426764152","-0.13510368130278","SB01-SA01","Non significant","A0A2H0ZGP0"
"A0A2H0ZGP1","0.403874831603117","0.789238733424425","-0.267198656209242","SB01-SA01","Non significant","A0A2H0ZGP1"
"A0A2H0ZGP6","0.85089928916752","0.982151776978653","0.0820032693294852","SB01-SA01","Non significant","A0A2H0ZGP6"
"A0A2H0ZGQ1","0.239451828807555","0.633661220901407","0.563203069222435","SB01-SA01","Non significant","A0A2H0ZGQ1"
"A0A2H0ZGW1","0.916090485075573","0.988088124466984","-0.0419836142095971","SB01-SA01","Non significant","A0A2H0ZGW1"
"A0A2H0ZHC9","0.766357942042098","0.964050009540299","-0.119855692352953","SB01-SA01","Non significant","A0A2H0ZHC9"
"A0A2H0ZHF9","0.0120789773658574","0.152266914332679","-0.909456301566649","SB01-SA01","Non significant","A0A2H0ZHF9"
"A0A2H0ZHR9","0.4801127405038","0.849708963382197","0.294896781712254","SB01-SA01","Non significant","A0A2H0ZHR9"
"A0A2H0ZHU4","0.926363207798362","0.988881208343222","-0.038347324837769","SB01-SA01","Non significant","A0A2H0ZHU4"
"A0A2H0ZI51","0.599104650987391","0.913315441546089","0.216585256486178","SB01-SA01","Non significant","A0A2H0ZI51"
"A0A2H0ZI94","0.412553111536328","0.790251794690203","-0.377419477756415","SB01-SA01","Non significant","A0A2H0ZI94"
"A0A2H0ZID9","0.728746471490829","0.959571238196903","-0.0683278402681324","SB01-SA01","Non significant","A0A2H0ZID9"
"A0A2H0ZIH3","0.607355063090852","0.913315441546089","-0.225149792077206","SB01-SA01","Non significant","A0A2H0ZIH3"
"A0A2H0ZIH6","0.796436470515583","0.965015812905956","-0.0950563436423799","SB01-SA01","Non significant","A0A2H0ZIH6"
"A0A2H0ZIL2","0.131521079412151","0.474990650746873","0.445555289776575","SB01-SA01","Non significant","A0A2H0ZIL2"
"A0A2H0ZIL9","0.149327457784839","0.50024698357921","0.273308019361988","SB01-SA01","Non significant","A0A2H0ZIL9"
"A0A2H0ZIP1","0.741623968357506","0.964050009540299","-0.0684438014189119","SB01-SA01","Non significant","A0A2H0ZIP1"
"A0A2H0ZIR0","0.194581746318532","0.56933256846868","-0.345922064412292","SB01-SA01","Non significant","A0A2H0ZIR0"
"A0A2H0ZIR2","0.117091978605006","0.453852379882213","0.537735177242549","SB01-SA01","Non significant","A0A2H0ZIR2"
"A0A2H0ZIS4","0.0784567794345059","0.364928678896695","0.527246110853072","SB01-SA01","Non significant","A0A2H0ZIS4"
"A0A2H0ZIS9","0.137701239313295","0.487984817109432","-0.444978635848752","SB01-SA01","Non significant","A0A2H0ZIS9"
"A0A2H0ZIT1","0.971649616177678","0.988881208343222","-0.0100757116113996","SB01-SA01","Non significant","A0A2H0ZIT1"
"A0A2H0ZIU0","0.420979779674364","0.792929785812356","0.219202940621949","SB01-SA01","Non significant","A0A2H0ZIU0"
"A0A2H0ZIU6","0.143281761040523","0.494111367117686","-0.455708341302287","SB01-SA01","Non significant","A0A2H0ZIU6"
"A0A2H0ZIZ9","0.842151090698869","0.978984846083208","0.0746105099327288","SB01-SA01","Non significant","A0A2H0ZIZ9"
"A0A2H0ZJ24","0.559934299373643","0.893228525191288","0.1619567974871","SB01-SA01","Non significant","A0A2H0ZJ24"
"A0A2H0ZJ26","0.153107214296088","0.504684694815506","0.498530424336284","SB01-SA01","Non significant","A0A2H0ZJ26"
"A0A2H0ZJ27","0.0706450327688576","0.342760569978336","-0.637374122402203","SB01-SA01","Non significant","A0A2H0ZJ27"
"A0A2H0ZJ33","0.0312501548249251","0.232593386673296","-0.910024473154152","SB01-SA01","Non significant","A0A2H0ZJ33"
"A0A2H0ZJ48","0.195132450706296","0.56933256846868","-0.80518573012623","SB01-SA01","Non significant","A0A2H0ZJ48"
"A0A2H0ZJ72","0.334527390904611","0.736588480442548","0.273287618062682","SB01-SA01","Non significant","A0A2H0ZJ72"
"A0A2H0ZJD2","0.494150442930747","0.852305799358045","0.258932621231862","SB01-SA01","Non significant","A0A2H0ZJD2"
"A0A2H0ZJE5","0.57393173345186","0.906309707033409","-0.433095506271242","SB01-SA01","Non significant","A0A2H0ZJE5"
"A0A2H0ZJM0","0.341753615812667","0.745018396467079","0.266990590695032","SB01-SA01","Non significant","A0A2H0ZJM0"
"A0A2H0ZJN2","0.794533102495667","0.965015812905956","0.128560317308565","SB01-SA01","Non significant","A0A2H0ZJN2"
"A0A2H0ZJP0","0.0127817645569549","0.153708912236202","0.539670155356955","SB01-SA01","Non significant","A0A2H0ZJP0"
"A0A2H0ZK23","0.68722511888158","0.939675162552364","-0.12239569386244","SB01-SA01","Non significant","A0A2H0ZK23"
"A0A2H0ZK35","0.0207924538919247","0.191209036770837","-2.04708152245324","SB01-SA01","Non significant","A0A2H0ZK35"
"A0A2H0ZKA4","0.668180458975999","0.930789426764152","-0.142214559949704","SB01-SA01","Non significant","A0A2H0ZKA4"
"A0A2H0ZKB9","0.243074997767615","0.635304617081601","-0.493219125839364","SB01-SA01","Non significant","A0A2H0ZKB9"
"A0A2H0ZKD1","0.178000590229843","0.560283737032192","0.263923814730347","SB01-SA01","Non significant","A0A2H0ZKD1"
"A0A2H0ZKD6","0.448764597881286","0.828624395300486","0.491606260643232","SB01-SA01","Non significant","A0A2H0ZKD6"
"A0A2H0ZKF4","0.911920267443019","0.988088124466984","-0.0359050415369637","SB01-SA01","Non significant","A0A2H0ZKF4"
"A0A2H0ZKG4","0.0290038775958867","0.22299702610608","-1.82022453823277","SB01-SA01","Non significant","A0A2H0ZKG4"
"A0A2H0ZKG9","0.765624819591379","0.964050009540299","-0.0921819484294701","SB01-SA01","Non significant","A0A2H0ZKG9"
"A0A2H0ZKH4","0.813538575777577","0.970864101882147","0.347030032536161","SB01-SA01","Non significant","A0A2H0ZKH4"
"A0A2H0ZKL2","0.261442205992866","0.641970652411801","-0.289347001801447","SB01-SA01","Non significant","A0A2H0ZKL2"
"A0A2H0ZKM9","0.961755809168834","0.988881208343222","-0.011735325984473","SB01-SA01","Non significant","A0A2H0ZKM9"
"A0A2H0ZKQ1","0.000704311638133453","0.0660644316569179","-3.02386210193809","SB01-SA01","Non significant","A0A2H0ZKQ1"
"A0A2H0ZKR5","0.496205367868545","0.852455375569039","0.137599310638034","SB01-SA01","Non significant","A0A2H0ZKR5"
"A0A2H0ZKS1","0.140660511940086","0.488665037777038","-0.326897449164001","SB01-SA01","Non significant","A0A2H0ZKS1"
"A0A2H0ZKS6","0.999198865057256","0.999198865057256","-0.000506586715719237","SB01-SA01","Non significant","A0A2H0ZKS6"
"A0A2H0ZKU5","0.538134739862251","0.877087828145293","0.177085821627937","SB01-SA01","Non significant","A0A2H0ZKU5"
"A0A2H0ZKV5","0.226089267702061","0.609401531909577","-0.19767388472324","SB01-SA01","Non significant","A0A2H0ZKV5"
"A0A2H0ZKV9","0.00761976850848981","0.115279723563926","-0.98115475071539","SB01-SA01","Non significant","A0A2H0ZKV9"
"A0A2H0ZKZ1","0.00918557503459027","0.126706902683025","-0.668347090733286","SB01-SA01","Non significant","A0A2H0ZKZ1"
"A0A2H0ZL35","0.180206037464614","0.563444210472693","0.401395241860447","SB01-SA01","Non significant","A0A2H0ZL35"
"A0A2H0ZL86","0.82209328198749","0.978141011751831","0.106273377171023","SB01-SA01","Non significant","A0A2H0ZL86"
"A0A2H0ZL93","0.0969366903793502","0.415803305506338","0.532367434523902","SB01-SA01","Non significant","A0A2H0ZL93"
"A0A2H0ZL97","0.948223570828056","0.988881208343222","-0.0427835092129065","SB01-SA01","Non significant","A0A2H0ZL97"
"A0A2H0ZLB8","0.0167736540846713","0.176875745907866","0.679635562083824","SB01-SA01","Non significant","A0A2H0ZLB8"
"A0A2H0ZLE5","0.170675205655115","0.540855888190871","-0.512571942244341","SB01-SA01","Non significant","A0A2H0ZLE5"
"A0A2H0ZLF2","0.00387663311289316","0.0865781395212805","-0.937381145050843","SB01-SA01","Non significant","A0A2H0ZLF2"
"A0A2H0ZLF9","0.401921856777213","0.788708580872438","0.297507698143189","SB01-SA01","Non significant","A0A2H0ZLF9"
"A0A2H0ZLI0","0.957527909916554","0.988881208343222","0.0189174556983183","SB01-SA01","Non significant","A0A2H0ZLI0"
"A0A2H0ZLJ0","0.922037662005804","0.988088124466984","0.0318344332530121","SB01-SA01","Non significant","A0A2H0ZLJ0"
"A0A2H0ZLJ5","0.0571672089176512","0.304675238436118","-1.07206238905844","SB01-SA01","Non significant","A0A2H0ZLJ5"
"A0A2H0ZLN8","0.671840211530144","0.930789426764152","-0.187043099430843","SB01-SA01","Non significant","A0A2H0ZLN8"
"A0A2H0ZLP7","0.269404984230745","0.644647640837854","-0.473880918617731","SB01-SA01","Non significant","A0A2H0ZLP7"
"A0A2H0ZLU3","0.00186777935400337","0.0665838398190724","-0.970374150163257","SB01-SA01","Non significant","A0A2H0ZLU3"
"A0A2H0ZLU7","0.729769247735036","0.959571238196903","-0.106355885397317","SB01-SA01","Non significant","A0A2H0ZLU7"
"A0A2H0ZLV7","0.400515912576954","0.788708580872438","0.251356950873017","SB01-SA01","Non significant","A0A2H0ZLV7"
"A0A2H0ZLX9","0.474505790063188","0.847421265102898","0.119040798348852","SB01-SA01","Non significant","A0A2H0ZLX9"
"A0A2H0ZM26","0.427107451415342","0.794894423467443","0.410973277162251","SB01-SA01","Non significant","A0A2H0ZM26"
"A0A2H0ZM27","0.240494024137421","0.633661220901407","0.329744986138831","SB01-SA01","Non significant","A0A2H0ZM27"
"A0A2H0ZM29","0.0989367820271615","0.416093286969763","-0.782282119298237","SB01-SA01","Non significant","A0A2H0ZM29"
"A0A2H0ZM30","0.161483069429401","0.521445960336257","-0.514907657978913","SB01-SA01","Non significant","A0A2H0ZM30"
"A0A2H0ZM31","0.0947086874457858","0.41512499450536","0.484777477983982","SB01-SA01","Non significant","A0A2H0ZM31"
"A0A2H0ZM52","0.0317398224884668","0.232593386673296","0.738761323745319","SB01-SA01","Non significant","A0A2H0ZM52"
"A0A2H0ZM53","0.367030150982077","0.750732499366686","-0.296134924303292","SB01-SA01","Non significant","A0A2H0ZM53"
"A0A2H0ZM68","0.0584336977362888","0.307925890318196","0.639583577402629","SB01-SA01","Non significant","A0A2H0ZM68"
"A0A2H0ZM70","0.0598839544406715","0.312061940363055","-0.678627097435839","SB01-SA01","Non significant","A0A2H0ZM70"
"A0A2H0ZM86","0.0826908235330221","0.376331046652567","-0.658452804904339","SB01-SA01","Non significant","A0A2H0ZM86"
"A0A2H0ZM99","0.425429792257576","0.794894423467443","-0.183607966583832","SB01-SA01","Non significant","A0A2H0ZM99"
"A0A2H0ZMA9","0.208147670373237","0.598903419662872","-0.393663709897986","SB01-SA01","Non significant","A0A2H0ZMA9"
"A0A2H0ZMC9","0.616098604606255","0.921711076953174","-0.310269007166301","SB01-SA01","Non significant","A0A2H0ZMC9"
"A0A2H0ZMF3","0.182082210487919","0.564570783559864","0.346870669447824","SB01-SA01","Non significant","A0A2H0ZMF3"
"A0A2H0ZMH4","0.555706810033917","0.889510218108898","0.186707135583848","SB01-SA01","Non significant","A0A2H0ZMH4"
"A0A2H0ZMH9","0.94051634066437","0.988881208343222","-0.0168709513994791","SB01-SA01","Non significant","A0A2H0ZMH9"
"A0A2H0ZMI5","0.19280871826589","0.56933256846868","0.569727124016669","SB01-SA01","Non significant","A0A2H0ZMI5"
"A0A2H0ZMJ4","0.642135147119774","0.925014734827257","0.321470050518769","SB01-SA01","Non significant","A0A2H0ZMJ4"
"A0A2H0ZMN0","0.046155165210815","0.270142566400374","0.534127123687288","SB01-SA01","Non significant","A0A2H0ZMN0"
"A0A2H0ZMQ5","0.493845627021887","0.852305799358045","0.240527077622195","SB01-SA01","Non significant","A0A2H0ZMQ5"
"A0A2H0ZMT7","0.927803818278958","0.988881208343222","0.0679045708316917","SB01-SA01","Non significant","A0A2H0ZMT7"
"A0A2H0ZMT8","0.617508143183582","0.921711076953174","-0.293892281733356","SB01-SA01","Non significant","A0A2H0ZMT8"
"A0A2H0ZMU0","0.953559703489662","0.988881208343222","0.0255942877040098","SB01-SA01","Non significant","A0A2H0ZMU0"
"A0A2H0ZMU1","0.607578715911257","0.913315441546089","-0.294658422238406","SB01-SA01","Non significant","A0A2H0ZMU1"
"A0A2H0ZMW6","0.124910457124669","0.468973003845266","-0.758600319474642","SB01-SA01","Non significant","A0A2H0ZMW6"
"A0A2H0ZMX0","0.603189999940467","0.913315441546089","-0.10197052826986","SB01-SA01","Non significant","A0A2H0ZMX0"
"A0A2H0ZN06","0.621024947371435","0.921711076953174","0.147461047434525","SB01-SA01","Non significant","A0A2H0ZN06"
"A0A2H0ZN07","0.256190596801411","0.641970652411801","0.380525355659797","SB01-SA01","Non significant","A0A2H0ZN07"
"A0A2H0ZN15","0.603350074954135","0.913315441546089","0.106679135148894","SB01-SA01","Non significant","A0A2H0ZN15"
"A0A2H0ZN16","0.0264787550467134","0.214112691670838","-1.0736007233072","SB01-SA01","Non significant","A0A2H0ZN16"
"A0A2H0ZN20","0.938084216213297","0.988881208343222","0.0323626550050307","SB01-SA01","Non significant","A0A2H0ZN20"
"A0A2H0ZN24","0.356540490523312","0.749854215495216","-0.297069062541297","SB01-SA01","Non significant","A0A2H0ZN24"
"A0A2H0ZN29","0.932466700497029","0.988881208343222","0.0280611980657408","SB01-SA01","Non significant","A0A2H0ZN29"
"A0A2H0ZN30","0.213509047211753","0.600082008623059","-0.399575440531533","SB01-SA01","Non significant","A0A2H0ZN30"
"A0A2H0ZN31","0.966153017919072","0.988881208343222","-0.0226107363817629","SB01-SA01","Non significant","A0A2H0ZN31"
"A0A2H0ZN39","0.278363071117089","0.652618361408574","-0.646015718834301","SB01-SA01","Non significant","A0A2H0ZN39"
"A0A2H0ZN47","0.620481141971788","0.921711076953174","-0.166277266318337","SB01-SA01","Non significant","A0A2H0ZN47"
"A0A2H0ZN51","0.682996841247463","0.939675162552364","-0.0962605575370219","SB01-SA01","Non significant","A0A2H0ZN51"
"A0A2H0ZN52","0.965362208866724","0.988881208343222","-0.0195951260341296","SB01-SA01","Non significant","A0A2H0ZN52"
"A0A2H0ZN83","0.29712008516308","0.683084901673944","0.407300097502478","SB01-SA01","Non significant","A0A2H0ZN83"
"A0A2H0ZN95","0.185233412796571","0.564570783559864","-0.543036685756659","SB01-SA01","Non significant","A0A2H0ZN95"
"A0A2H0ZNA8","0.311662830613289","0.702397968165272","0.559796923579988","SB01-SA01","Non significant","A0A2H0ZNA8"
"A0A2H0ZND6","0.0444296326327973","0.270142566400374","-1.20508030687966","SB01-SA01","Non significant","A0A2H0ZND6"
"A0A2H0ZNE1","0.981006313582531","0.992859729938414","0.00429039490960292","SB01-SA01","Non significant","A0A2H0ZNE1"
"A0A2H0ZNF9","0.032372933195259","0.233583164131946","-0.828157626890393","SB01-SA01","Non significant","A0A2H0ZNF9"
"A0A2H0ZNI5","0.124992804862811","0.468973003845266","0.28888586941763","SB01-SA01","Non significant","A0A2H0ZNI5"
"A0A2H0ZNI9","0.774935915587153","0.964303913771699","-0.0919108337236416","SB01-SA01","Non significant","A0A2H0ZNI9"
"A0A2H0ZNK4","0.45313157360511","0.833406698120771","0.295693796804157","SB01-SA01","Non significant","A0A2H0ZNK4"
"A0A2H0ZNL2","0.116600375147344","0.453852379882213","-0.421723984241424","SB01-SA01","Non significant","A0A2H0ZNL2"
"A0A2H0ZNP4","0.0716216116372643","0.342760569978336","-0.848715326257178","SB01-SA01","Non significant","A0A2H0ZNP4"
"A0A2H0ZNT7","0.776208501411613","0.964303913771699","0.133224329989343","SB01-SA01","Non significant","A0A2H0ZNT7"
"A0A2H0ZNV2","0.0834508077864966","0.376331046652567","-1.37284378448105","SB01-SA01","Non significant","A0A2H0ZNV2"
"A0A2H0ZNX1","0.00179551627574639","0.0665838398190724","1.19905104087447","SB01-SA01","Non significant","A0A2H0ZNX1"
"A0A2H0ZNX4","0.0255957148978249","0.214112691670838","-1.00413999558609","SB01-SA01","Non significant","A0A2H0ZNX4"
"A0A2H0ZNZ0","0.785424509724497","0.964303913771699","0.218339750520315","SB01-SA01","Non significant","A0A2H0ZNZ0"
"A0A2H0ZNZ4","0.0975231633383734","0.415803305506338","-0.662192104382472","SB01-SA01","Non significant","A0A2H0ZNZ4"
"A0A2H0ZP22","0.109612127393645","0.439385365364268","-0.479663403005894","SB01-SA01","Non significant","A0A2H0ZP22"
"A0A2H0ZP26","0.940133282939022","0.988881208343222","-0.0229271588636983","SB01-SA01","Non significant","A0A2H0ZP26"
"A0A2H0ZP76","0.00271149978719516","0.0709314972354117","-0.799312085368864","SB01-SA01","Non significant","A0A2H0ZP76"
"A0A2H0ZP91","0.00225394905564187","0.0665838398190724","1.35340318097332","SB01-SA01","Non significant","A0A2H0ZP91"
"A0A2H0ZPA5","0.919270015727388","0.988088124466984","-0.015241391770882","SB01-SA01","Non significant","A0A2H0ZPA5"
"A0A2H0ZPC2","0.257674961557454","0.641970652411801","-0.453699850585082","SB01-SA01","Non significant","A0A2H0ZPC2"
"A0A2H0ZPR3","0.0256895371450279","0.214112691670838","0.694449353862264","SB01-SA01","Non significant","A0A2H0ZPR3"
"A0A2H0ZPT5","0.00844663185688744","0.120044555784249","0.810003298426832","SB01-SA01","Non significant","A0A2H0ZPT5"
"A0A2H0ZQ04","0.0396627091816777","0.265710893579338","0.815439597040813","SB01-SA01","Non significant","A0A2H0ZQ04"
"A0A2H0ZQ33","0.0279293775972433","0.218314634885119","0.718315504783202","SB01-SA01","Non significant","A0A2H0ZQ33"
"A0A2H0ZQ75","0.800407571898543","0.965015812905956","-0.102606567917416","SB01-SA01","Non significant","A0A2H0ZQ75"
"A0A2H0ZQ96","0.588520757756473","0.913315441546089","0.157450202310685","SB01-SA01","Non significant","A0A2H0ZQ96"
"A0A2H0ZQD9","0.0912286836087683","0.403643892570871","-0.629281735404966","SB01-SA01","Non significant","A0A2H0ZQD9"
"A0A2H0ZQE9","0.00000278213511265455","0.000652410683917492","-1.47322870197509","SB01-SA01","Non significant","A0A2H0ZQE9"
"A0A2H0ZQG0","0.0474741187666065","0.271528801238274","-0.35872334379097","SB01-SA01","Non significant","A0A2H0ZQG0"
"A0A2H0ZQG6","0.490400152187627","0.852305799358045","-0.197181734036347","SB01-SA01","Non significant","A0A2H0ZQG6"
"A0A2H0ZQJ2","0.0298204190801196","0.225577041106066","-0.965744731548568","SB01-SA01","Non significant","A0A2H0ZQJ2"
"A0A2H0ZQK7","0.249819242880949","0.640811751652464","-0.226630324724425","SB01-SA01","Non significant","A0A2H0ZQK7"
"A0A2H0ZQR0","0.401304910318368","0.788708580872438","0.173702505018053","SB01-SA01","Non significant","A0A2H0ZQR0"
"A0A2H0ZQS4","0.877220407303775","0.982151776978653","0.0477801665666675","SB01-SA01","Non significant","A0A2H0ZQS4"
"A0A2H0ZQV0","0.606930254082081","0.913315441546089","0.123182658925586","SB01-SA01","Non significant","A0A2H0ZQV0"
"A0A2H0ZQV3","0.00287547481585085","0.0709788257175815","-1.12421918191401","SB01-SA01","Non significant","A0A2H0ZQV3"
"A0A2H0ZR04","0.506899139694001","0.861361219262632","-0.264322408655424","SB01-SA01","Non significant","A0A2H0ZR04"
"A0A2H0ZR23","2.94073040959809e-7","0.00013792025621015","-2.5919756616201","SB01-SA01","Downregulated","A0A2H0ZR23"
"A0A2H0ZR79","0.457338256944139","0.837857978542193","-0.104506245575323","SB01-SA01","Non significant","A0A2H0ZR79"
"A0A2H0ZRK0","0.833255621315572","0.978984846083208","-0.124362196138058","SB01-SA01","Non significant","A0A2H0ZRK0"
"A0A2H0ZRL1","0.749230666950567","0.964050009540299","-0.162839822177922","SB01-SA01","Non significant","A0A2H0ZRL1"
"A0A2H0ZRQ2","0.00211453016190162","0.0665838398190724","0.863143553828857","SB01-SA01","Non significant","A0A2H0ZRQ2"
"A0A2H0ZRV6","0.394268786677846","0.783525681999619","0.254339295174161","SB01-SA01","Non significant","A0A2H0ZRV6"
"A0A2H0ZS24","0.0257225264190698","0.214112691670838","0.777926304773905","SB01-SA01","Non significant","A0A2H0ZS24"
"A0A2H0ZS48","0.0102677884640614","0.133766466379022","-1.53550967787558","SB01-SA01","Non significant","A0A2H0ZS48"
"A0A2H0ZSF0","0.0370085276935613","0.25524999247471","-0.858647172058991","SB01-SA01","Non significant","A0A2H0ZSF0"
"A0A2H0ZSH3","0.594795285074049","0.913315441546089","0.161857084507709","SB01-SA01","Non significant","A0A2H0ZSH3"
"A0A2H0ZSJ0","0.749798485232287","0.964050009540299","-0.187378652350219","SB01-SA01","Non significant","A0A2H0ZSJ0"
"A0A2H0ZSJ5","0.0278469449531932","0.218314634885119","0.72558986425574","SB01-SA01","Non significant","A0A2H0ZSJ5"
"A0A2H0ZSK4","0.269383029494808","0.644647640837854","0.22567072671384","SB01-SA01","Non significant","A0A2H0ZSK4"
"A0A2H0ZSM6","0.0261384460793672","0.214112691670838","-1.29850657012321","SB01-SA01","Non significant","A0A2H0ZSM6"
"A0A2H0ZSR6","0.524687278052176","0.868236323160609","-0.17277350323109","SB01-SA01","Non significant","A0A2H0ZSR6"
"A0A2H0ZSS1","0.639468798235421","0.925014734827257","0.299066876189295","SB01-SA01","Non significant","A0A2H0ZSS1"
"A0A2H0ZT22","0.476065666652238","0.847421265102898","-0.263648556071926","SB01-SA01","Non significant","A0A2H0ZT22"
"A0A2H0ZT69","0.0450576914296432","0.270142566400374","-0.379231588551345","SB01-SA01","Non significant","A0A2H0ZT69"
"A0A2H0ZT83","0.534965332652926","0.877087828145293","0.160762821878944","SB01-SA01","Non significant","A0A2H0ZT83"
"A0A2H0ZTB1","0.666176445093357","0.930789426764152","-0.0953245503900764","SB01-SA01","Non significant","A0A2H0ZTB1"
"A0A2H0ZTK5","0.884955782649694","0.982151776978653","-0.0363098131879607","SB01-SA01","Non significant","A0A2H0ZTK5"
"A0A2H0ZTM4","0.628103156109953","0.925014734827257","-0.281290721133402","SB01-SA01","Non significant","A0A2H0ZTM4"
"A0A2H0ZTM5","0.972013298606025","0.988881208343222","0.0102521337808597","SB01-SA01","Non significant","A0A2H0ZTM5"
"A0A2H0ZTM6","0.000888546525378143","0.0665838398190724","-1.67805949419358","SB01-SA01","Non significant","A0A2H0ZTM6"
"A0A2H0ZTX6","0.188426621574592","0.566487727682588","0.352759537439839","SB01-SA01","Non significant","A0A2H0ZTX6"
"A0A2H0ZU36","0.365787354625187","0.750732499366686","-0.284167937389057","SB01-SA01","Non significant","A0A2H0ZU36"
"A0A2H0ZU55","0.392531893451595","0.783525681999619","0.301867261075461","SB01-SA01","Non significant","A0A2H0ZU55"
"A0A2H0ZUE7","0.412818101703838","0.790251794690203","-0.458351494225017","SB01-SA01","Non significant","A0A2H0ZUE7"
"A0A2H0ZUN3","0.604170178135377","0.913315441546089","-0.143343203955178","SB01-SA01","Non significant","A0A2H0ZUN3"
"A0A2H0ZUP3","0.30084526299526","0.684934118178528","-0.758526883236637","SB01-SA01","Non significant","A0A2H0ZUP3"
"A0A2H0ZUQ9","0.855969357232557","0.982151776978653","-0.101793193777755","SB01-SA01","Non significant","A0A2H0ZUQ9"
"A0A2H0ZV04","0.566922642713255","0.898968005917514","0.155070639687139","SB01-SA01","Non significant","A0A2H0ZV04"
"A0A2H0ZV23","0.00136839665252814","0.0665838398190724","0.519799717907954","SB01-SA01","Non significant","A0A2H0ZV23"
"A0A2H0ZV45","0.639179120069588","0.925014734827257","0.075714296708135","SB01-SA01","Non significant","A0A2H0ZV45"
"A0A2H0ZV73","0.86167515220701","0.982151776978653","-0.061433426143374","SB01-SA01","Non significant","A0A2H0ZV73"
"A0A2H0ZV74","0.76909995000589","0.964303913771699","0.11598341209849","SB01-SA01","Non significant","A0A2H0ZV74"
"A0A2H0ZV89","0.352232076004292","0.748127335228209","-0.296172226068146","SB01-SA01","Non significant","A0A2H0ZV89"
"A0A2H0ZV96","0.873894716448533","0.982151776978653","0.0654612575782547","SB01-SA01","Non significant","A0A2H0ZV96"
"A0A2H0ZVC9","0.00594333599020027","0.102295209077494","-1.27844961797247","SB01-SA01","Non significant","A0A2H0ZVC9"
"A0A2H0ZVE4","0.0243717358918771","0.214112691670838","0.787453562729572","SB01-SA01","Non significant","A0A2H0ZVE4"
"A0A2H0ZVF8","0.13838375410566","0.487984817109432","-0.447040840238248","SB01-SA01","Non significant","A0A2H0ZVF8"
"A0A2H0ZVG5","0.217717728483778","0.60064479211113","0.323705202236091","SB01-SA01","Non significant","A0A2H0ZVG5"
"A0A2H0ZVH2","0.376544964802672","0.761205122812297","0.330060975229271","SB01-SA01","Non significant","A0A2H0ZVH2"
"A0A2H0ZVI4","0.807952831672158","0.970864101882147","0.0680431904752261","SB01-SA01","Non significant","A0A2H0ZVI4"
"A0A2H0ZVI8","0.551576787063284","0.885922990180412","0.122159794578927","SB01-SA01","Non significant","A0A2H0ZVI8"
"A0A2H0ZVJ9","0.00205838342610824","0.0665838398190724","-1.01584099767872","SB01-SA01","Non significant","A0A2H0ZVJ9"
"A0A2H0ZVN7","0.0170430845130356","0.176875745907866","0.607988302115674","SB01-SA01","Non significant","A0A2H0ZVN7"
"A0A2H0ZVR7","0.685245841130337","0.939675162552364","0.238322336477236","SB01-SA01","Non significant","A0A2H0ZVR7"
"A0A2H0ZVW8","0.953133284242275","0.988881208343222","0.0180033139878937","SB01-SA01","Non significant","A0A2H0ZVW8"
"A0A2H0ZVY1","0.0667910252978707","0.329736745944225","-0.968460396174574","SB01-SA01","Non significant","A0A2H0ZVY1"
"A0A2H0ZW01","0.751510774968871","0.964050009540299","0.0975655223848406","SB01-SA01","Non significant","A0A2H0ZW01"
"A0A2H0ZW26","0.0173481541828611","0.176875745907866","-0.875966736762742","SB01-SA01","Non significant","A0A2H0ZW26"
"A0A2H0ZW29","0.0712471741755815","0.342760569978336","-0.464472967106488","SB01-SA01","Non significant","A0A2H0ZW29"
"A0A2H0ZW30","0.0173091174930312","0.176875745907866","0.632186122026903","SB01-SA01","Non significant","A0A2H0ZW30"
"A0A2H0ZW57","0.0887982849241366","0.39663233932781","0.756298570062194","SB01-SA01","Non significant","A0A2H0ZW57"
"A0A2H0ZWB8","0.101139946086467","0.416093286969763","-0.443054063962526","SB01-SA01","Non significant","A0A2H0ZWB8"
"A0A2H0ZWC4","0.00110276529462994","0.0665838398190724","-1.42791581980539","SB01-SA01","Non significant","A0A2H0ZWC4"
"A0A2H0ZWG0","0.845391717923507","0.978984846083208","0.122027262825149","SB01-SA01","Non significant","A0A2H0ZWG0"
"A0A2H0ZWH4","0.216976093467527","0.60064479211113","-0.66136098096549","SB01-SA01","Non significant","A0A2H0ZWH4"
"A0A2H0ZWH7","0.863323300774081","0.982151776978653","0.0626121614274133","SB01-SA01","Non significant","A0A2H0ZWH7"
"A0A2H0ZWI4","0.10704888817425","0.432809728911408","-0.472382516964453","SB01-SA01","Non significant","A0A2H0ZWI4"
"A0A2H0ZWN3","0.0138649208288153","0.16256619671786","-1.26336495360034","SB01-SA01","Non significant","A0A2H0ZWN3"
"A0A2H0ZWR9","0.974662821821054","0.989430440333495","-0.00837234329158676","SB01-SA01","Non significant","A0A2H0ZWR9"
"A0A2H0ZX54","0.878257874289113","0.982151776978653","0.0542982306106303","SB01-SA01","Non significant","A0A2H0ZX54"
"A0A2H0ZX88","0.758793889415214","0.964050009540299","0.0570566044402661","SB01-SA01","Non significant","A0A2H0ZX88"
"A0A2H0ZXJ1","0.0196378622332415","0.184203147747805","0.49999623557289","SB01-SA01","Non significant","A0A2H0ZXJ1"
"A0A2H0ZXJ8","0.708564219000273","0.952196615218132","-0.159841942321783","SB01-SA01","Non significant","A0A2H0ZXJ8"
"A0A2H0ZXK7","0.193358689760428","0.56933256846868","0.285941525828232","SB01-SA01","Non significant","A0A2H0ZXK7"
"A0A2H0ZXR6","0.567365735078004","0.898968005917514","0.239556057484968","SB01-SA01","Non significant","A0A2H0ZXR6"
"A0A2H0ZXW5","0.670832859813956","0.930789426764152","0.126786277973293","SB01-SA01","Non significant","A0A2H0ZXW5"
"A0A2H0ZXX0","0.140363673287619","0.488665037777038","-0.692202119090082","SB01-SA01","Non significant","A0A2H0ZXX0"
"A0A2H0ZY03","0.794362208158747","0.965015812905956","0.0822272387452365","SB01-SA01","Non significant","A0A2H0ZY03"
"A0A2H0ZY11","0.636936214803538","0.925014734827257","-0.22018054896304","SB01-SA01","Non significant","A0A2H0ZY11"
"A0A2H0ZY21","0.477013249439584","0.847421265102898","-0.168993768416602","SB01-SA01","Non significant","A0A2H0ZY21"
"A0A2H0ZY53","0.4095288919649","0.790251794690203","-0.13387666483413","SB01-SA01","Non significant","A0A2H0ZY53"
"A0A2H0ZY70","0.986508814821537","0.992859729938414","0.00964486470292059","SB01-SA01","Non significant","A0A2H0ZY70"
"A0A2H0ZYD4","0.716088229795287","0.95682444380054","-0.278028486317087","SB01-SA01","Non significant","A0A2H0ZYD4"
"A0A2H0ZYD5","0.49213199323995","0.852305799358045","0.337079316849646","SB01-SA01","Non significant","A0A2H0ZYD5"
"A0A2H0ZYD7","0.932347637291831","0.988881208343222","-0.0359718947767469","SB01-SA01","Non significant","A0A2H0ZYD7"
"A0A2H0ZYI7","0.760135317631189","0.964050009540299","-0.0997087357022544","SB01-SA01","Non significant","A0A2H0ZYI7"
"A0A2H0ZYJ8","0.888926260765153","0.983269849761454","-0.0494784034754971","SB01-SA01","Non significant","A0A2H0ZYJ8"
"A0A2H0ZYK1","0.856817823579123","0.982151776978653","0.0565531536584913","SB01-SA01","Non significant","A0A2H0ZYK1"
"A0A2H0ZYM3","0.259020508390053","0.641970652411801","-0.618762120242842","SB01-SA01","Non significant","A0A2H0ZYM3"
"A0A2H0ZYR1","0.836965299980037","0.978984846083208","0.0519549949667919","SB01-SA01","Non significant","A0A2H0ZYR1"
"A0A2H0ZYR6","0.873195661093957","0.982151776978653","-0.0504290170535491","SB01-SA01","Non significant","A0A2H0ZYR6"
"A0A2H0ZYS2","0.0608059442788406","0.313324002275358","-1.34672829784117","SB01-SA01","Non significant","A0A2H0ZYS2"
"A0A2H0ZYS7","0.759740585047902","0.964050009540299","0.0905336960304108","SB01-SA01","Non significant","A0A2H0ZYS7"
"A0A2H0ZYU1","0.419053087469459","0.792929785812356","-0.333287528924423","SB01-SA01","Non significant","A0A2H0ZYU1"
"A0A2H0ZYV1","0.63379233828765","0.925014734827257","-0.150299971184696","SB01-SA01","Non significant","A0A2H0ZYV1"
"A0A2H0ZYX4","0.549282751837612","0.885270139559588","-0.192738059794554","SB01-SA01","Non significant","A0A2H0ZYX4"
"A0A2H0ZYZ3","0.0387910977996314","0.263667027072857","0.416760440522292","SB01-SA01","Non significant","A0A2H0ZYZ3"
"A0A2H0ZZ22","0.0490559947968765","0.277195922406447","0.659548987921477","SB01-SA01","Non significant","A0A2H0ZZ22"
"A0A2H0ZZX3","0.82470805495765","0.978141011751831","0.0638154568254166","SB01-SA01","Non significant","A0A2H0ZZX3"
"A0A2H1A012","0.00598375813443503","0.102295209077494","-1.0043803155955","SB01-SA01","Non significant","A0A2H1A012"
"A0A2H1A034","0.313008902657872","0.702397968165272","-0.381389099983437","SB01-SA01","Non significant","A0A2H1A034"
"A0A2H1A0J8","0.364223632827183","0.750732499366686","0.225433431958855","SB01-SA01","Non significant","A0A2H1A0J8"
"A0A2H1A0S8","0.655627167936212","0.930789426764152","0.0912848048435286","SB01-SA01","Non significant","A0A2H1A0S8"
"A0A2H1A0T5","0.463803842405433","0.839861011923352","0.270007591156267","SB01-SA01","Non significant","A0A2H1A0T5"
"A0A2H1A0W4","0.547547009463421","0.885270139559588","-0.276789363634411","SB01-SA01","Non significant","A0A2H1A0W4"
"A0A2H1A0W6","0.922777395557653","0.988088124466984","0.0378246268439622","SB01-SA01","Non significant","A0A2H1A0W6"
"A0A2H1A0X0","0.147354365206011","0.497188469651937","-0.471303131686977","SB01-SA01","Non significant","A0A2H1A0X0"
"A0A2H1A0X4","0.261083189039785","0.641970652411801","-0.323194245330148","SB01-SA01","Non significant","A0A2H1A0X4"
"A0A2H1A0X9","0.596419779485838","0.913315441546089","-0.113849153252385","SB01-SA01","Non significant","A0A2H1A0X9"
"A0A2H1A0Y1","0.628227760260932","0.925014734827257","0.183413995324388","SB01-SA01","Non significant","A0A2H1A0Y1"
"A0A2H1A0Z8","0.841200968437793","0.978984846083208","0.0560230261418013","SB01-SA01","Non significant","A0A2H1A0Z8"
"A0A2H1A129","0.664172113373308","0.930789426764152","-0.175703289018211","SB01-SA01","Non significant","A0A2H1A129"
"A0A2H1A193","0.695407226247446","0.948098805552477","-0.144413735346175","SB01-SA01","Non significant","A0A2H1A193"
"A0A2H1A195","0.998091694873952","0.999198865057256","0.000815266145941962","SB01-SA01","Non significant","A0A2H1A195"
"A0A2H1A1E7","0.0184835705786592","0.178689977923021","0.626312185209574","SB01-SA01","Non significant","A0A2H1A1E7"
"A0A2H1A1F2","0.462760117187443","0.839861011923352","-0.323826285435082","SB01-SA01","Non significant","A0A2H1A1F2"
"A0A2H1A1F6","0.300761217928183","0.684934118178528","-0.363080488640245","SB01-SA01","Non significant","A0A2H1A1F6"
"A0A2H1A1F9","0.874377444341702","0.982151776978653","-0.0404349363852461","SB01-SA01","Non significant","A0A2H1A1F9"
"A0A2H1A1I0","0.511058113024383","0.865293339380635","-0.31477765293072","SB01-SA01","Non significant","A0A2H1A1I0"
"A0A2H1A1L1","0.393794008129187","0.783525681999619","-0.478528583238859","SB01-SA01","Non significant","A0A2H1A1L1"
"A0A2H1A1M3","0.106513946713773","0.432809728911408","0.332991763071682","SB01-SA01","Non significant","A0A2H1A1M3"
"A0A2H1A1S8","0.128915245781584","0.474990650746873","0.82195925257048","SB01-SA01","Non significant","A0A2H1A1S8"
"A0A2H1A1V0","0.351533147694929","0.748127335228209","0.520116662319825","SB01-SA01","Non significant","A0A2H1A1V0"
"A0A2H1A1W7","0.759011676759725","0.964050009540299","0.0868073337908122","SB01-SA01","Non significant","A0A2H1A1W7"
"A0A2H1A1X3","0.938533172422758","0.988881208343222","0.0372509567709383","SB01-SA01","Non significant","A0A2H1A1X3"
"A0A2H1A207","0.237150685647112","0.631952679366453","0.35063300988071","SB01-SA01","Non significant","A0A2H1A207"
"A0A2H1A212","0.406518815500365","0.790251794690203","-0.264678735100947","SB01-SA01","Non significant","A0A2H1A212"
"A0A2H1A222","0.0157380022300282","0.175741024901981","0.708876425840449","SB01-SA01","Non significant","A0A2H1A222"
"A0A2H1A235","0.444641171700748","0.824255768883996","-0.447511500064302","SB01-SA01","Non significant","A0A2H1A235"
"A0A2H1A244","0.136514112482453","0.487984817109432","0.414450493623598","SB01-SA01","Non significant","A0A2H1A244"
"A0A2H1A2B0","0.0820198600365594","0.376331046652567","-0.551230795630456","SB01-SA01","Non significant","A0A2H1A2B0"
"A0A2H1A2C2","0.110611726698312","0.439634744250071","-0.935258043675269","SB01-SA01","Non significant","A0A2H1A2C2"
"A0A2H1A2E4","0.000155288924077494","0.0242768351307816","-1.15711989610579","SB01-SA01","Non significant","A0A2H1A2E4"
"A0A2H1A2F2","0.0150166180484087","0.171775460114724","-1.25698831156011","SB01-SA01","Non significant","A0A2H1A2F2"
"A0A2H1A2F8","0.0466557524060348","0.270142566400374","0.746118405352899","SB01-SA01","Non significant","A0A2H1A2F8"
"A0A2H1A2I2","0.905140828521134","0.988088124466984","-0.0289317600099857","SB01-SA01","Non significant","A0A2H1A2I2"
"A0A2H1A2M0","0.00617666946379043","0.102295209077494","-0.648345409976695","SB01-SA01","Non significant","A0A2H1A2M0"
"A0A2H1A2S6","0.00313346285102278","0.0734797038564843","-1.14491390489836","SB01-SA01","Non significant","A0A2H1A2S6"
"A0A2H1A2W7","0.00272231759112454","0.0709314972354117","1.20354379717326","SB01-SA01","Non significant","A0A2H1A2W7"
"A0A2H1A309","0.85474186015062","0.982151776978653","-0.0575947739140741","SB01-SA01","Non significant","A0A2H1A309"
"A0A2H1A331","0.0636660060554404","0.317801028177195","0.319802569757483","SB01-SA01","Non significant","A0A2H1A331"
"A0A2H1A361","0.732465891843265","0.959571238196903","0.0995181391052515","SB01-SA01","Non significant","A0A2H1A361"
"A0A2H1A3C7","0.250039553416633","0.640811751652464","-1.08788187151889","SB01-SA01","Non significant","A0A2H1A3C7"
"A0A2H1A3F8","0.985997247840851","0.992859729938414","-0.00642070783836601","SB01-SA01","Non significant","A0A2H1A3F8"
"A0A2H1A3H0","0.220845826738737","0.605711653453027","-0.285953851595472","SB01-SA01","Non significant","A0A2H1A3H0"
"A0A2H1A3M0","0.225050056123689","0.609401531909577","-0.652335476867666","SB01-SA01","Non significant","A0A2H1A3M0"
"A0A2H1A3N7","0.897900897768581","0.985623544715673","0.0281085114137589","SB01-SA01","Non significant","A0A2H1A3N7"
"A0A2H1A3R2","0.06146227763184","0.313324002275358","0.529499742948953","SB01-SA01","Non significant","A0A2H1A3R2"
"A0A2H1A3R4","0.00483275301725289","0.0906624466036642","-0.776195189311295","SB01-SA01","Non significant","A0A2H1A3R4"
"A0A2H1A3T9","0.424404458584853","0.794894423467443","0.32754302431756","SB01-SA01","Non significant","A0A2H1A3T9"
"A0A2H1A3Y8","0.843480482255196","0.978984846083208","0.130752222004991","SB01-SA01","Non significant","A0A2H1A3Y8"
"A0A2H1A3Z3","0.666771380952292","0.930789426764152","0.143133577176183","SB01-SA01","Non significant","A0A2H1A3Z3"
"A0A2H1A402","0.637477938835624","0.925014734827257","0.184046492201011","SB01-SA01","Non significant","A0A2H1A402"
"A0A2H1A421","0.152530176473895","0.504684694815506","-0.970312122438774","SB01-SA01","Non significant","A0A2H1A421"
"A0A2H1A465","0.985498057670728","0.992859729938414","0.00553622948191723","SB01-SA01","Non significant","A0A2H1A465"
"A0A2H1A472","0.146492181373164","0.497188469651937","0.546565512387625","SB01-SA01","Non significant","A0A2H1A472"
"A0A2H1A4U4","0.705017601557353","0.950851859853209","-0.25219313632979","SB01-SA01","Non significant","A0A2H1A4U4"
"A0A2H1A4W0","0.885821325505267","0.982151776978653","-0.0562090405754887","SB01-SA01","Non significant","A0A2H1A4W0"
"A0A2H1A4W2","0.963496343334155","0.988881208343222","-0.0136707658791657","SB01-SA01","Non significant","A0A2H1A4W2"
"A0A2H1A4Z6","0.79885000898851","0.965015812905956","0.17119602955194","SB01-SA01","Non significant","A0A2H1A4Z6"
"A0A2H1A533","0.87511937131891","0.982151776978653","-0.0257847808672338","SB01-SA01","Non significant","A0A2H1A533"
"A0A2H1A534","0.0349619812549161","0.244733868784412","-0.60584201540625","SB01-SA01","Non significant","A0A2H1A534"
"A0A2H1A546","0.00632529011353376","0.102295209077494","-1.01734004462947","SB01-SA01","Non significant","A0A2H1A546"
"A0A2H1A562","0.294683643896361","0.680820832450213","0.299823208239356","SB01-SA01","Non significant","A0A2H1A562"
"A0A2H1A599","0.747450351117805","0.964050009540299","-0.209787070498319","SB01-SA01","Non significant","A0A2H1A599"
"A0A2H1A5C8","0.0413579855677861","0.265710893579338","-1.18328308044425","SB01-SA01","Non significant","A0A2H1A5C8"
"A0A2H1A5E3","0.650130632238922","0.929607519878214","-0.181728801085491","SB01-SA01","Non significant","A0A2H1A5E3"
"A0A2H1A5H4","0.645629990140466","0.925995306959873","0.0634374644015985","SB01-SA01","Non significant","A0A2H1A5H4"
"A0A2H1A5H8","0.757950857045894","0.964050009540299","-0.0902784211612335","SB01-SA01","Non significant","A0A2H1A5H8"
"A0A2H1A5I6","0.326855477515309","0.729977233117523","0.413459454973971","SB01-SA01","Non significant","A0A2H1A5I6"
"A0A2H1A5I7","0.0430050107927001","0.268924667490351","0.465119140268847","SB01-SA01","Non significant","A0A2H1A5I7"
"A0A2H1A5J1","0.665165237882594","0.930789426764152","-0.198579441791017","SB01-SA01","Non significant","A0A2H1A5J1"
"A0A2H1A5J7","0.49430101796458","0.852305799358045","-0.345973219190213","SB01-SA01","Non significant","A0A2H1A5J7"
"A0A2H1A5P2","0.360695934262691","0.750732499366686","-0.281146493577769","SB01-SA01","Non significant","A0A2H1A5P2"
"A0A2H1A5Q8","0.0408321522754807","0.265710893579338","-0.589898639565337","SB01-SA01","Non significant","A0A2H1A5Q8"
"A0A2H1A5U7","0.145677186258714","0.497188469651937","-0.316946666493791","SB01-SA01","Non significant","A0A2H1A5U7"
"A0A2H1A5V9","0.503469792249621","0.858644845691172","0.147675781130662","SB01-SA01","Non significant","A0A2H1A5V9"
"A0A2H1A5X4","0.213527417533976","0.600082008623059","0.274425325916724","SB01-SA01","Non significant","A0A2H1A5X4"
"A0A2H1A5Z4","0.791861328083607","0.965015812905956","-0.129686453233088","SB01-SA01","Non significant","A0A2H1A5Z4"
"A0A2H1A5Z8","0.58222686063622","0.913315441546089","0.194956795608569","SB01-SA01","Non significant","A0A2H1A5Z8"
"A0A2H1A619","0.845392031265883","0.978984846083208","0.0717293439810476","SB01-SA01","Non significant","A0A2H1A619"
"A0A2H1A637","0.894420385165486","0.985267270034664","-0.0490619780173596","SB01-SA01","Non significant","A0A2H1A637"
"A0A2H1A660","0.234432066924762","0.628277939358361","0.384794019302158","SB01-SA01","Non significant","A0A2H1A660"
"A0A2H1A680","0.217015360889896","0.60064479211113","-0.361540356774025","SB01-SA01","Non significant","A0A2H1A680"
"A0A2H1A682","0.276563172407434","0.651799637482846","-0.439309383960133","SB01-SA01","Non significant","A0A2H1A682"
"A0A2H1A6A1","0.42084643770701","0.792929785812356","0.194526135726495","SB01-SA01","Non significant","A0A2H1A6A1"
"A0A2H1A6D8","0.538595510673442","0.877087828145293","-0.236187248366669","SB01-SA01","Non significant","A0A2H1A6D8"
"A0A2H1A6F6","0.0098172497057736","0.131551146057366","-0.86043187680826","SB01-SA01","Non significant","A0A2H1A6F6"
"A0A2H1A6G4","0.0123371913531808","0.152266914332679","0.885159077855953","SB01-SA01","Non significant","A0A2H1A6G4"
"A0A2H1A6I3","0.39416894341517","0.783525681999619","0.134299807601462","SB01-SA01","Non significant","A0A2H1A6I3"
"A0A2H1A6I6","0.276044577580627","0.651799637482846","0.368934923119394","SB01-SA01","Non significant","A0A2H1A6I6"
"A0A2H1A6K7","0.100789053368797","0.416093286969763","-0.422303221864784","SB01-SA01","Non significant","A0A2H1A6K7"
"A0A2H1A6M6","0.269129356369272","0.644647640837854","0.287439620090723","SB01-SA01","Non significant","A0A2H1A6M6"
"A0A2H1A6Q2","0.184479908243421","0.564570783559864","0.620199120415872","SB01-SA01","Non significant","A0A2H1A6Q2"
"A0A2H1A6S4","0.995785027673878","0.999198865057256","0.00180052259917218","SB01-SA01","Non significant","A0A2H1A6S4"
"A0A2H1A6S5","0.942872004949222","0.988881208343222","0.0343940098525728","SB01-SA01","Non significant","A0A2H1A6S5"
"A0A2H1A6V6","0.332365389771337","0.736588480442548","0.200604446210399","SB01-SA01","Non significant","A0A2H1A6V6"
"A0A2H1A6V9","0.279693583460817","0.652618361408574","0.450801841595496","SB01-SA01","Non significant","A0A2H1A6V9"
"A0A2H1A6W9","0.208099682670317","0.598903419662872","-0.527538667867763","SB01-SA01","Non significant","A0A2H1A6W9"
"A0A2H1A6Z0","0.185381451318164","0.564570783559864","-0.317862016811063","SB01-SA01","Non significant","A0A2H1A6Z0"
"A0A2H1A705","0.516041999154121","0.868236323160609","-0.27740890988391","SB01-SA01","Non significant","A0A2H1A705"
"A0A2H1A734","0.213675256801814","0.600082008623059","0.651125749163036","SB01-SA01","Non significant","A0A2H1A734"
"A0A2H1A738","0.0780622062134851","0.364928678896695","0.51733727794419","SB01-SA01","Non significant","A0A2H1A738"
"A0A2H1A739","0.922023228719995","0.988088124466984","0.0537601496918079","SB01-SA01","Non significant","A0A2H1A739"
"A0A2H1A743","0.00417553106096117","0.0890147303450358","-1.24768891810065","SB01-SA01","Non significant","A0A2H1A743"
"A0A2H1A747","0.121583164100664","0.463683087405048","-0.647769536443755","SB01-SA01","Non significant","A0A2H1A747"
"A0A2H1A763","0.766717811425441","0.964050009540299","0.0857872077253745","SB01-SA01","Non significant","A0A2H1A763"
"A0A2H1A772","0.131660521528984","0.474990650746873","0.393317684528387","SB01-SA01","Non significant","A0A2H1A772"
"A0A2H1A784","0.7824012161019","0.964303913771699","-0.128442192526252","SB01-SA01","Non significant","A0A2H1A784"
"A0A2H1A785","0.186609788349483","0.564645101521983","-0.632885980617042","SB01-SA01","Non significant","A0A2H1A785"
"A0A2H1A787","0.0219265775953861","0.197760863312232","-0.55575876582439","SB01-SA01","Non significant","A0A2H1A787"
"A0A2H1A7B1","0.00227151692346516","0.0665838398190724","-3.26028099837441","SB01-SA01","Non significant","A0A2H1A7B1"
"A0A2H1A7C7","0.115602743019244","0.453852379882213","0.512360884703618","SB01-SA01","Non significant","A0A2H1A7C7"
"A0A2H1A7D1","0.459893542462427","0.839260978268009","-0.43147191689674","SB01-SA01","Non significant","A0A2H1A7D1"
"A0A2H1A7E5","0.225205030511335","0.609401531909577","-0.704646015399319","SB01-SA01","Non significant","A0A2H1A7E5"
"A0A2H1A7F4","0.534861064194937","0.877087828145293","-0.142610908257963","SB01-SA01","Non significant","A0A2H1A7F4"
"A0A2H1A7F9","0.672788093119504","0.930789426764152","-0.0796835102358848","SB01-SA01","Non significant","A0A2H1A7F9"
"A0A2H1A7N8","0.0636957284619538","0.317801028177195","-0.823967062733093","SB01-SA01","Non significant","A0A2H1A7N8"
"A0A2H1A7P0","0.343121478969913","0.745018396467079","0.325754101842065","SB01-SA01","Non significant","A0A2H1A7P0"
"A0A2H1A7R2","0.163438286075543","0.521445960336257","0.798395997605502","SB01-SA01","Non significant","A0A2H1A7R2"
"A0A2H1A7R9","0.521515618015007","0.868236323160609","0.237217539858833","SB01-SA01","Non significant","A0A2H1A7R9"
"A0A2H1A7S4","0.195442523504174","0.56933256846868","0.362907867502173","SB01-SA01","Non significant","A0A2H1A7S4"
"A0A2H1A7S6","0.00458467692165153","0.0906624466036642","1.39205652803007","SB01-SA01","Non significant","A0A2H1A7S6"
"A0A2H1A7S8","0.0440967646624097","0.270142566400374","0.917855244920071","SB01-SA01","Non significant","A0A2H1A7S8"
"A0A2H1A808","0.88347607469036","0.982151776978653","-0.0963300485859104","SB01-SA01","Non significant","A0A2H1A808"
"A0A2H1A809","0.59690286568571","0.913315441546089","-0.222517765244568","SB01-SA01","Non significant","A0A2H1A809"
"A0A2H1A811","0.471747594474677","0.847421265102898","0.376111382806034","SB01-SA01","Non significant","A0A2H1A811"
"A0A2H1A815","0.899460292405774","0.985623544715673","-0.0516782790318722","SB01-SA01","Non significant","A0A2H1A815"
"A0A2H1A8E8","0.519214113564436","0.868236323160609","0.249212816736488","SB01-SA01","Non significant","A0A2H1A8E8"
"A0A2H1A8K2","0.541514327682721","0.878789687485109","-0.232496817481422","SB01-SA01","Non significant","A0A2H1A8K2"
"A0A2H1A8Q9","0.482799818648554","0.851252311827714","0.247322287964643","SB01-SA01","Non significant","A0A2H1A8Q9"
"A0A2H1A8V8","0.813388972345526","0.970864101882147","-0.0673115502053783","SB01-SA01","Non significant","A0A2H1A8V8"
"A0A2H1A8X8","0.914838833091362","0.988088124466984","-0.064119670460169","SB01-SA01","Non significant","A0A2H1A8X8"
"A0A2H1A8Z7","0.000368673332781332","0.0432269482686111","-0.847490742917303","SB01-SA01","Non significant","A0A2H1A8Z7"
"A0A2H1A937","0.0421943175669495","0.267420742417558","-0.594476003533554","SB01-SA01","Non significant","A0A2H1A937"
"A0A2H1A991","0.662382023171161","0.930789426764152","0.148381314442947","SB01-SA01","Non significant","A0A2H1A991"
"A0A2H1A9B9","0.601553199948742","0.913315441546089","0.167947728305222","SB01-SA01","Non significant","A0A2H1A9B9"